brand,scope,offer,category,purchase_rule,signup_or_prior_activity,redemption_window,confidence,official_terms_url,enrollment_url,editorial_note
Sephora,National,Birthday gift,Beauty,None in store; online minimum $25,Beauty Insider account,Birthday month,Confirmed,https://www.sephora.com/beauty/loyalty-program,https://www.sephora.com/beauty/loyalty-program,Existing catalog; stock and choice vary
Chick-fil-A,National,Cookie or brownie at base tier,Dessert,None,Chick-fil-A One with birthday entered at least 24 hours early,30 days from birthday,Confirmed,https://www.chick-fil-a.com/customer-support/chick-fil-a-one-membership-program/creating-and-managing-your-account/its-my-birthday-and-i-didnt-get-a-reward-on-my-account,https://www.chick-fil-a.com/one,Existing catalog; reward tier varies
Chuy's,Houston and participating locations,Birthday dessert,Dessert,Unclear; dine-in,No published enrollment requirement,Birthday day assumed,Confirm details,https://www.chuys.com/faqs,https://www.chuys.com/faqs,Existing catalog; call location before trip
Olive Garden,National,Birthday dessert,Dessert,Dine-in meal,No membership needed,Birthday day,Confirmed with purchase,https://www.olivegarden.com/faqs,https://www.olivegarden.com/faqs,Existing catalog
Nothing Bundt Cakes,National,Birthday Bundtlet,Dessert,None stated,Bundtastic Rewards; cutoff unclear,7 days before through 7 days after,Confirm eligibility,https://www.nothingbundtcakes.com/eclub/,https://www.nothingbundtcakes.com/eclub/,Existing catalog
Chili's,National,Birthday dessert,Dessert,Unclear,My Chili's Rewards; cutoff unclear,10 days after issue,Confirm eligibility,https://www.chilis.com/rewards,https://www.chilis.com/rewards,Existing catalog
Denny's,National,Birthday gift unspecified,Food,Unclear,Denny's Rewards; cutoff unclear,Birthday week advertised,Confirm details,https://dennys.com/faqs-frequently-asked-questions,https://dennys.com/rewards,Existing catalog; do not promise Grand Slam
Houston TX Hot Chicken,Participating locations,Birthday milkshake,Dessert,Unclear,Free Bronze membership; cutoff unclear,Check actual reward,Confirm eligibility,https://www.hhc.ooo/app,https://www.hhc.ooo/app,Existing catalog
Tacos A Go Go,Houston,Birthday reward unspecified,Food,Unclear,Go Go Rewards; cutoff unclear,Check actual reward,Confirm details,https://www.tacosagogo.com/loyalty-intro/,https://www.tacosagogo.com/loyalty-intro/,Existing catalog
Starbucks,National,Birthday treat,Coffee,Prior qualifying purchase may be required,Starbucks Rewards; verify current 2026 tier rules,Varies by tier,Confirm eligibility,https://about.starbucks.com/starbucks-rewards-faq/,https://www.starbucks.com/rewards,New 2026 tier structure; no same-day guarantee
Panera,National,Birthday surprise,Food,Unspecified,MyPanera account with birthday; offer varies,Check actual reward,Confirm details,https://www.panerabread.com/en-us/panera-promo-codes-discount-coupons-deals.html,https://www.panerabread.com/en-us/mypanera/mypanera-rewards.html,Do not promise free You Pick Two; that is higher tier
Jersey Mike's,National,72 Shore Points for eligible members,Food,Prior qualifying activity may be required,MyMike's; check exact terms and birthday timing,Points award on birthday,Confirm eligibility,https://www.jerseymikes.com/rewards/terms-conditions,https://subs.jerseymikes.com/account/register,72 points can redeem a regular sub if eligible
IHOP,National,5 PanCoins for pancakes,Food,Check reward terms,IHOP Rewards birthday entered,Check actual reward,Confirm eligibility,https://www.ihop.com/en/rewards/free-birthday-pancake,https://www.ihop.com/en/rewards,Current offer expressed as PanCoins
Ulta Beauty,National,Birthday gift,Beauty,None in store; online terms differ,Free Ulta Beauty Rewards with birthday and email,Birthday month,Confirmed,https://www.ulta.com/rewards/terms-and-conditions,https://www.ulta.com/rewards/all,While supplies last; bring coupon
Red Robin,National,Birthday treat varies,Food,Check issued offer,Red Robin Royalty,During birthday month,Variable reward,https://www.redrobin.com/royalty/terms,https://www.redrobin.com/rewards,Former free birthday burger ends in 2026
Chipotle,National,Choose chips or guac or queso or drink,Food,Check coupon conditions,Chipotle Rewards,30-day redemption window,Confirmed reward; conditions to check,https://www.chipotle.com/rewards,https://www.chipotle.com/rewards,One choice during birthday month
Subway,National,Birthday freebie unspecified,Food,Unclear,Subway MVP Rewards,Check actual reward,Confirm details,https://www.subway.com/en-us/rewards-demo,https://www.subway.com/en-us/rewards-demo,Current site does not name item
Ben & Jerry's,Participating scoop shops,Birthday scoop,Dessert,None stated,Flavor Fanatics account,Birthday coupon details to check,Confirmed offer; timing to check,https://www.benjerry.com/scoop-shops/flavor-fanatics/terms-and-conditions,https://www.benjerry.com/scoop-shops/flavor-fanatics,Participating scoop shop only
Auntie Anne's,National,Birthday pretzel,Dessert,One annual purchase required,Auntie Anne's Rewards,Birthday coupon details to check,Confirmed with prior purchase,https://www.auntieannes.com/contact-us/common-questions,https://www.auntieannes.com/rewards,Not a first-day signup freebie
Einstein Bros. Bagels,Participating locations,Birthday reward; local pages say egg sandwich,Food,Unclear,Rewards account,Birthday month per location,Confirm details,https://www.einsteinbros.com/contact/faq/,https://www.einsteinbros.com/rewards/,Do not generalize local item nationally
Bruegger's Bagels,Participating locations,Bagel and cream cheese with purchase,Food,Purchase required,Bruegger's Rewards,14 days,Confirmed with purchase,https://www.brueggers.com/faq/catering/,https://www.brueggers.com/rewards-program/,Location availability must be checked
Outback Steakhouse,National,Birthday dessert,Dessert,Dining visit; exact condition check,Dine Rewards,Birthday day stated,Confirmed with dining,https://www.outback.com/rewards,https://www.outback.com/rewards,Restaurant meal may cost money
Texas Roadhouse,National,Birthday goodies vary,Food,Unclear,VIP Club,Check email,Variable reward,https://nomnom-prod-api-mobile.texasroadhouse.com/contact-us,https://www.texasroadhouse.com/vip-club,Do not conflate welcome appetizer with birthday
Peet's Coffee,Participating stores,Free birthday beverage,Coffee,Check eligibility conditions,Peetnik Rewards,Check terms,Confirmed offer; eligibility to check,https://www.peets.com/pages/peetnik-rewards-terms-and-conditions,https://www.peets.com/pages/peetnik-rewards,Not all cities have stores
7-Eleven,National,Free Slurpee,Coffee,None stated,7REWARDS,Birthday month,Confirmed,https://www.7-eleven.com/7rewards,https://www.7-eleven.com/7rewards,Classify as food or drink in app
Dutch Bros,Participating locations,Free birthday drink,Coffee,None stated,Dutch Rewards app,30 days,Confirmed,https://www.dutchbros.com/support/articles/i-have-questions-about-the-birthday-reward/,https://www.dutchbros.com/rewards/,Scan Dutch Pass
Caribou Coffee,Participating locations,Free any-size beverage,Coffee,None stated,Caribou Perks,Up to 7 days,Confirmed,https://www.cariboucoffee.com/caribou-perks/,https://www.cariboucoffee.com/caribou-perks/,Location availability check
Biggby Coffee,Participating locations,Free birthday drink,Coffee,None stated,Registered BIGGBY card,Check account,Confirmed offer; timing to check,https://feedback.biggby.com/support/solutions/articles/66000484652/,https://www.biggby.com/rewards/,In-store redemption
Crumbl,National,Birthday reward unspecified,Dessert,May depend on loyalty tier,Crumbl Rewards,Check actual reward,Variable reward,https://crumblcookies.com/rewards,https://crumblcookies.com/rewards,Do not promise free cookie to every member
IKEA,National,Birthday coupon,Shopping,Coupon conditions vary,IKEA Family with email settings updated 30 days early,Birthday month,Confirmed coupon; value variable,https://www.ikea.com/us/en/customer-service/knowledge/articles/16gdcc7b-e0gb-4953-9e86-86558879d89b.html,https://www.ikea.com/us/en/ikea-family/,Coupon sent week before birthday month
Gap,National,Birthday bonus unspecified,Shopping,Offer may require purchase,Free Encore membership,Birthday offer terms vary,Variable reward,https://www.gap.com/customer-service/encore-membership?cid=3053357,https://www.gap.com/customer-service/encore-membership?cid=3053357,Not guaranteed free merchandise
Grimaldi's Pizzeria,Participating locations,Free birthday pizza,Food,Prior purchase required,Rewards account and qualifying transaction,Birthday month; new birthday-month signup delayed,Confirmed with prior purchase,https://www.grimaldispizzeria.com/rewards/,https://www.grimaldispizzeria.com/rewards-sign-up-view-menu/,Do not place automatically for new signup
Papa Johns,National,Birthday gift unspecified,Food,Order required to redeem,Papa Rewards,14 days after issue,Confirm details,https://www.papajohns.com/contact-us/frequently-asked-papa-rewards-birthday-questions.html,https://www.papajohns.com/papa-rewards/,Current FAQ does not specify item
Freebirds World Burrito,Texas,Birthday reward unspecified,Food,Unclear,Freebirds Rewards,Check actual reward,Confirm details,https://freebirds.com/freebirds-rewards/,https://freebirds.com/rewards/,Texas brand; not Houston-only
Smoothie King,Participating locations,Free birthday smoothie,Coffee,Check coupon conditions,Healthy Rewards,Check actual reward,Confirmed offer; timing to check,https://www.smoothieking.com/healthy-rewards,https://www.smoothieking.com/healthy-rewards,Verify store participation
Tropical Smoothie Cafe,Participating locations,Surprise birthday reward,Coffee,Unclear,Tropic Rewards with birthday in account,Check actual reward,Variable reward,https://prod.tropicalsmoothiecafe.com/app-faq,https://www.tropicalsmoothiecafe.com/auth/signup,Do not promise a free smoothie
Firehouse Subs,National,Birthday reward unspecified,Food,Unclear,Firehouse Rewards,Check actual reward,Variable reward,https://www.firehousesubs.com/,https://www.firehousesubs.com/,Current site advertises birthday rewards only
QDOBA,Participating locations,Chips and queso at base tier; entree at Gold,Food,Check coupon conditions,QDOBA Rewards,Check actual reward,Confirmed tiered reward,https://www.qdoba.com/rewards,https://www.qdoba.com/rewards,Do not promise entree at base tier
Cold Stone Creamery,Participating locations,Birthday reward,Dessert,Check reward terms,My Cold Stone Club,Loads 7 days before birthday,Confirmed offer; item to check,https://www.coldstonecreamery.com/faqs/eclub/index.html,https://www.coldstonecreamery.com/mycsc/,Current pages conflict on gift description; inspect actual reward
Menchie's,Participating locations,$5 birthday froyo,Dessert,None stated,mySmileage Rewards,Check actual reward,Confirmed,https://www.menchies.com/contact.php,https://www.menchies.com/location/summerwood/get-the-app/,Houston-area participating store page confirms
Torchy's Tacos,Texas and other participating locations,Birthday queso,Food,Check coupon conditions,Torchy's Rewards,Check actual reward,Confirmed offer; timing to check,https://torchystacos.com/torchys-rewards,https://torchystacos.com/torchys-rewards,Check FAQ and participating branch
Velvet Taco,Participating locations,Slice of red velvet cake,Dessert,Check coupon conditions,Velvet Taco Rewards,Expires 7 days after earning,Confirmed offer; eligibility to check,https://www.velvettaco.com/faq/,https://www.velvettaco.com/rewards/,Texas-born chain with Houston locations
AMC Theatres,Participating locations,Large popcorn for free Insider tier,Entertainment,Ticket not necessarily needed; verify theater terms,Free AMC Stubs Insider,Birthday reward window in account,Confirmed,https://www.amctheatres.com/amcstubs/terms-and-conditions,https://www.amctheatres.com/amcstubs,Premium tiers include drink too
Cinemark,Participating locations,Special birthday treat unspecified,Entertainment,Check issued offer,Movie Rewards free or paid tier,Check actual reward,Variable reward,https://www.cinemark.com/movie-rewards-info,https://www.cinemark.com/movie-rewards-info,Need tier and item confirmation
Dunkin',National,3x birthday points,Food,Purchase required to earn points,Dunkin' Rewards,Check actual reward,Points only; exclude from freebie count,https://www.dunkindonuts.com/en/dunkinrewards,https://www.dunkindonuts.com/rewards/,Old free drink lists are outdated
Baskin-Robbins,National,Birthday benefit unverified,Dessert,Unknown,Baskin-Robbins Rewards,Unknown,Research hold; exclude,https://www.baskinrobbins.com/en/rewards,https://www.baskinrobbins.com/en/sign-up/email,Current signup confirms welcome scoop only after qualifying purchase
Krispy Kreme,National,Birthday benefit unverified,Dessert,Unknown,Krispy Kreme Rewards,Unknown,Research hold; exclude,https://www.krispykreme.com/,https://www.krispykreme.com/rewards,Current official page did not substantiate birthday item
